age_group,total_transactions,fraud_transactions,fraud_rate_percent,avg_transaction_amount
65+,262513,1764,0.670000000000,66.33
51-65,372374,2446,0.660000000000,65.75
18-25,176700,982,0.560000000000,63.14
Under 18,21800,118,0.540000000000,65.54
26-35,422059,1830,0.430000000000,74.32
36-50,596948,2511,0.420000000000,73.6
